id;creator;nfts;likes;comments
1;55784;intranet;Coordinator;Incredible Shoes target
2;47895;and Health Nebraska;Bhutan;Representative Auto Solutions
3;54457;Walks District;bypassing access;Specialist Island Auto
4;20648;pink;Granite;24/365
5;92667;Metal Avon Director;calculating turquoise Intranet;withdrawal
6;80751;wireless Chair firewall;PCI;Plastic XSS
7;64796;Dale;Planner black Small;Industrial
8;82586;azure Shoes Optimization;Jewelery Dynamic orchid;Garden
9;96078;Bedfordshire Toys Gold;feed;withdrawal Connecticut synergistic
10;59786;frame;Personal flexibility;Music
